-- phpMyAdmin SQL Dump
-- version 3.1.5
-- http://www.phpmyadmin.net
--
-- Serveur: drinkiit.sql.free.fr
-- Généré le : Ven 13 Décembre 2013 à 23:32
-- Version du serveur: 5.0.83
-- Version de PHP: 5.3.9

SET SQL_MODE="NO_AUTO_VALUE_ON_ZERO";


/*!40101 SET @OLD_CHARACTER_SET_CLIENT=@@CHARACTER_SET_CLIENT */;
/*!40101 SET @OLD_CHARACTER_SET_RESULTS=@@CHARACTER_SET_RESULTS */;
/*!40101 SET @OLD_COLLATION_CONNECTION=@@COLLATION_CONNECTION */;
/*!40101 SET NAMES utf8 */;

--
-- Base de données: `drinkiit`
--

-- --------------------------------------------------------

--
-- Structure de la table `Client`
--

CREATE TABLE IF NOT EXISTS `Client` (
  `id_client` int(11) NOT NULL auto_increment,
  `nom` varchar(20) collate latin1_general_ci NOT NULL,
  `prenom` varchar(20) collate latin1_general_ci NOT NULL,
  `solde` float NOT NULL,
  `pwd` varchar(10) collate latin1_general_ci NOT NULL,
  PRIMARY KEY  (`id_client`),
  KEY `prenom` (`prenom`)
) ENGINE=MyISAM  DEFAULT CHARSET=latin1 COLLATE=latin1_general_ci AUTO_INCREMENT=86 ;

--
-- Contenu de la table `Client`
--

INSERT INTO `Client` (`id_client`, `nom`, `prenom`, `solde`, `pwd`) VALUES
(1, 'Chatout', 'Sébastien', 0, 'drinkiit'),
(2, 'Maire', 'Nicolas', 0, 'drinkiit'),
(3, 'Cavarelli', 'Xavier', 27.1, 'drinkiit'),
(4, 'Pitiot', 'Thomas', -0.6, 'drinkiit'),
(5, 'Paran', 'Guillaume', -0.7, 'drinkiit'),
(6, 'Rybak', 'Jonathan', 1.8, 'drinkiit'),
(8, 'Zilliox', 'Hugo', -6.05, 'drinkiit'),
(9, 'Benedick', 'Steve', 0, 'drinkiit'),
(10, 'Guillevin', 'Tristan', 0.4, 'drinkiit'),
(11, 'Casarin', 'Julien', 3.7, 'drinkiit'),
(12, 'Couchet', 'Arnaud', 0.9, 'drinkiit'),
(13, 'Muller', 'Timothée', 0, 'drinkiit'),
(14, 'Zhang', 'Shuyan', 0, 'drinkiit'),
(15, 'Dubuisson', 'Thibaud', 0.75, 'drinkiit'),
(16, 'Bronner', 'Jonathan', 3.8, 'drinkiit'),
(17, 'Ernwein', 'Julien', -1.9, 'drinkiit'),
(18, 'Deutschmann', 'Noel', 1.55, 'drinkiit'),
(19, 'Mayer', 'Anne', 10.85, 'drinkiit'),
(20, 'Pirri', 'Eléonore', 0, 'drinkiit'),
(21, 'Wieser', 'Laurent', -0.3, 'drinkiit'),
(22, 'Ory', 'Maxence', -4.2, 'drinkiit'),
(23, 'Gaultier', 'Philippe', 5.4, 'drinkiit'),
(25, 'Schippers', 'Dimitri', -1.2, 'drinkiit'),
(26, 'Thenoz', 'Quentin', -15.7, 'drinkiit'),
(27, 'Gouy', 'Paul', -2.8, 'drinkiit'),
(29, 'Bordonne', 'Leslie', 0, 'drinkiit'),
(30, 'Spatz', 'Jeff', 0, 'drinkiit'),
(31, 'Theuil', 'Elsa', -5.4, 'drinkiit'),
(33, 'Bahl', 'Victor', -4.1, 'drinkiit'),
(34, 'Heckel', 'Maxime', -1.6, 'drinkiit'),
(35, 'Girardot', 'Joris', 0.3, 'drinkiit'),
(36, 'Bengmah', 'Mourad', 0.1, 'drinkiit'),
(37, 'Muller', 'Christiane', 0, 'drinkiit'),
(54, 'Shroeder', 'Julien', -0.6, 'drinkiit'),
(39, 'Tanase', 'Claudia', -13.25, 'drinkiit'),
(40, 'Zhang', 'Ming', 2.1, 'drinkiit'),
(41, 'Eschemann', 'Thomas', -26.3, 'drinkiit'),
(42, 'Pan', 'Hao', 1.1, 'drinkiit'),
(43, 'Derlon', 'Marie', -1.5, 'drinkiit'),
(48, 'Hu', 'Chenlong', -0.6, 'drinkiit'),
(47, 'Kaestle', 'Vincent', -1, 'drinkiit'),
(50, 'Agouram', 'Slimane', 0, 'drinkiit'),
(51, 'Koeck', 'Paul Henri', 0, 'drinkiit'),
(52, 'Magalan', 'Magalan', -0.5, 'drinkiit'),
(53, 'Chobert', 'Paul', -0.1, 'drinkiit'),
(55, 'Deloffre', 'Melody', 5.1, 'drinkiit'),
(56, 'Chanteloup', 'Pierre ', 14.2, 'drinkiit'),
(76, 'Benkiran', 'Oumaima', 0.02, 'drinkiit'),
(72, 'Agag', 'Mebarek', -9.3, 'drinkiit'),
(59, 'Saugrain', 'Barthelemy', -10.3, 'drinkiit'),
(60, 'Macaigne', 'Steven', -1, 'drinkiit'),
(61, 'Masset', 'Gabriel', -8.2, 'drinkiit'),
(62, 'Bonnet', 'Cyril', 0, 'drinkiit'),
(63, 'Abrantes', 'Kevin', -1.9, 'drinkiit'),
(64, 'Nomine', 'Guillaume', 0.1, 'drinkiit'),
(65, 'El Bachiri', 'Redoine', -0.5, 'drinkiit'),
(67, 'Bennani', 'Selim', -3.7, 'drinkiit'),
(68, 'Le Perlier', 'Raoul', -1.8, 'drinkiit'),
(69, 'Lespingal', 'Pierre ', 8.52, 'drinkiit'),
(70, 'Solowieff', 'Morgane', 1.8, 'drinkiit'),
(71, 'Planet', 'Dailiie', 7.74, 'drinkiit'),
(73, 'Lopez', 'Simon', 1.3, 'drinkiit'),
(74, 'Pallas', 'Aurelie', 14.3, 'drinkiit'),
(75, 'Soen', 'Corentin', 1, 'drinkiit'),
(77, 'Darcherif', 'Alexandre', -11.2, 'drinkiit'),
(78, 'Guillin', 'Florent', 7.6, 'drinkiit'),
(79, 'Letoffe', 'Laetitia', 15.9, 'drinkiit'),
(80, 'Baux', 'Maxime', 0.3, 'drinkiit'),
(81, 'Houet', 'Corentin', -6.6, 'drinkiit'),
(82, 'Grad', 'Philippe', 2.3, 'drinkiit'),
(83, 'Peuckert', 'Lisa', -0.6, 'drinkiit'),
(84, 'Flick', 'Xavier', -8.2, 'drinkiit'),
(85, 'Lagouilly', 'Ismail', 0, 'drinkiit');

-- --------------------------------------------------------

--
-- Structure de la table `commande`
--

CREATE TABLE IF NOT EXISTS `commande` (
  `id_com` int(11) NOT NULL auto_increment,
  `prix` float NOT NULL,
  `client` int(11) NOT NULL,
  `options` text collate latin1_general_ci,
  `date` datetime NOT NULL,
  `valide` tinyint(1) NOT NULL default '0',
  `payee` tinyint(1) NOT NULL default '0',
  PRIMARY KEY  (`id_com`)
) ENGINE=MyISAM  DEFAULT CHARSET=latin1 COLLATE=latin1_general_ci AUTO_INCREMENT=261 ;

--
-- Contenu de la table `commande`
--

INSERT INTO `commande` (`id_com`, `prix`, `client`, `options`, `date`, `valide`, `payee`) VALUES
(13, 1.6, 3, '', '2012-10-08 11:14:02', 1, 1),
(12, 2.1, 3, '', '2012-10-08 11:13:49', 1, 1),
(11, 2.2, 6, 'cours a espla après !', '2012-10-08 11:13:24', 1, 1),
(6, 2, 7, 'Ketchup Mayo', '2012-10-08 08:33:50', 1, 1),
(7, 2, 13, 'Sans sauce', '2012-10-08 09:24:48', 1, 1),
(8, 2, 10, 'mayo ', '2012-10-08 10:15:35', 1, 1),
(9, 2.1, 4, '', '2012-10-08 10:44:17', 1, 1),
(10, 1.6, 4, '', '2012-10-08 10:45:08', 1, 1),
(17, 2.7, 8, 'merci beaucoup et à tout à l\\''heure o/', '2012-10-08 11:29:26', 1, 1),
(15, 2, 15, 'j\\''ai oublie la sauce mayo... ca ne tiens que pour une commande ;)', '2012-10-08 11:23:27', 1, 1),
(18, 3.1, 16, 'Moutarde', '2012-10-08 11:31:36', 1, 1),
(20, 2, 1, '', '2012-10-08 20:42:35', 1, 1),
(21, 2, 1, 'Mayo', '2012-10-09 10:38:25', 1, 1),
(22, 1.7, 4, 'mayo', '2012-10-09 10:54:59', 1, 1),
(23, 1.8, 17, '', '2012-10-09 10:55:08', 1, 1),
(24, 2.1, 16, '', '2012-10-09 11:02:22', 1, 1),
(25, 2.2, 19, 'mayo', '2012-10-09 11:23:20', 1, 1),
(26, 1.2, 20, 'mayo', '2012-10-09 11:25:32', 1, 1),
(27, 1.6, 16, '', '2012-10-09 12:37:38', 1, 1),
(28, 2.1, 15, '', '2012-10-09 12:52:51', 1, 1),
(29, 2, 13, 'Sans sauce', '2012-10-10 10:01:30', 1, 1),
(30, 1.6, 10, '', '2012-10-10 10:30:12', 1, 1),
(31, 2.2, 4, 'mayo', '2012-10-10 10:41:05', 1, 1),
(32, 2.6, 8, 'merci o/ ', '2012-10-10 11:09:12', 1, 1),
(33, 2, 1, 'Mayo', '2012-10-10 11:14:00', 1, 1),
(34, 2, 9, 'ketchup et mayonnaise', '2012-10-10 11:16:13', 1, 1),
(35, 2.1, 15, '', '2012-10-10 11:17:25', 1, 1),
(36, 1.7, 3, '', '2012-10-10 11:43:14', 1, 1),
(37, 1.2, 3, '', '2012-10-10 11:43:29', 1, 1),
(38, 3.7, 4, '', '2012-10-10 11:44:34', 1, 1),
(39, 2.5, 18, 'Coca Cherry PLZ', '2012-10-10 11:57:52', 1, 1),
(40, 3.8, 18, '', '2012-10-11 10:27:02', 1, 1),
(41, 3.8, 8, 'j\\''attends que tu me rendes la monnaie sur les 0000002 centimes ! oh et merci !', '2012-10-11 10:29:28', 1, 1),
(42, 1.7, 10, 'mayo ', '2012-10-11 10:38:28', 1, 1),
(43, 2.1, 15, 'repas a quelle heure?', '2012-10-11 10:47:44', 1, 1),
(44, 1.2, 21, 'Moutarde', '2012-10-11 11:11:06', 0, 1),
(45, 1, 21, '', '2012-10-11 11:12:38', 0, 1),
(46, 2.3, 1, '', '2012-10-12 08:35:10', 1, 1),
(47, 1.7, 10, 'mayo et jambon de poulet ', '2012-10-12 10:03:34', 1, 1),
(48, 1.8, 1, '', '2012-10-12 11:52:08', 1, 1),
(49, 2.1, 15, 'je viendrai surement vers 12h30', '2012-10-12 11:54:50', 1, 1),
(50, 1.5, 7, 'ketchup mayo', '2012-10-12 12:13:46', 1, 1),
(51, 2, 13, 'Sans sauce', '2012-10-15 08:55:58', 1, 1),
(52, 2, 7, 'ketchup mayo', '2012-10-15 11:31:05', 1, 1),
(53, 2, 15, 'Sauce mayo. Repas a quelle heure?', '2012-10-15 11:31:06', 1, 1),
(54, 2.4, 8, 'sauce mayo s\\''il te plait :D Merci d\\''avance ! et jambon normal s\\''il te plait o/', '2012-10-15 11:51:55', 1, 1),
(55, 2, 10, 'mayo', '2012-10-15 11:52:49', 1, 1),
(56, 1.6, 9, '', '2012-10-15 11:53:11', 1, 1),
(57, 2.1, 1, '', '2012-10-15 12:53:35', 1, 1),
(58, 3.8, 4, '', '2012-10-16 09:13:44', 1, 1),
(59, 2.1, 10, '', '2012-10-16 09:48:21', 1, 1),
(60, 2.5, 16, 'Moutarde', '2012-10-16 10:20:24', 1, 1),
(61, 1.8, 17, 'ketchup mayonnaise', '2012-10-16 10:37:59', 1, 1),
(62, 1.7, 3, '', '2012-10-16 10:57:10', 1, 1),
(63, 1.2, 3, '', '2012-10-16 10:57:24', 1, 1),
(64, 2.4, 8, 'MAYO s\\''il te plait :) ', '2012-10-17 11:12:05', 1, 1),
(65, 1.7, 10, 'mayo ', '2012-10-17 11:41:44', 1, 1),
(66, 1.6, 15, 'remplacer le fromage par de l\\''oignon stp', '2012-10-17 12:17:12', 1, 1),
(67, 1.5, 9, 'poulet, fromage, ketchup et mayonnaise :-) merci <3 ', '2012-10-17 12:39:35', 1, 1),
(68, 3.8, 4, '', '2012-10-18 10:10:56', 1, 1),
(69, 2.4, 8, 'sauce MAYO s\\''il te plait :D', '2012-10-18 10:25:34', 1, 1),
(70, 2.1, 16, '', '2012-10-18 11:00:24', 1, 1),
(71, 1.6, 15, 'repas a quelle heure?', '2012-10-18 11:13:41', 1, 1),
(72, 2, 10, 'mayoooooo', '2012-10-18 12:44:36', 1, 1),
(73, 2.1, 10, '', '2012-10-19 11:26:54', 1, 1),
(74, 4.2, 19, '', '2012-10-19 11:31:31', 1, 1),
(75, 2.2, 18, '', '2012-10-19 11:33:01', 1, 1),
(76, 2.5, 1, '', '2012-10-19 11:58:12', 1, 1),
(77, 2.1, 19, '', '2012-10-22 08:58:11', 1, 1),
(78, 1.7, 10, 'mayo', '2012-10-22 11:31:12', 1, 1),
(79, 3.7, 16, '', '2012-10-22 11:50:11', 1, 1),
(80, 2.2, 9, 'sans les tomate s\\''il te plais :-)\n', '2012-10-22 11:55:00', 1, 1),
(81, 2.4, 8, 'mayo steuplé :D bisous bisous ', '2012-10-22 12:01:41', 1, 1),
(82, 1.5, 15, '', '2012-10-22 12:07:12', 1, 1),
(83, 2.7, 16, '', '2012-10-22 13:18:02', 1, 1),
(84, 3.7, 3, 'bien chargee en tout please :D merci seb ;)', '2012-10-22 17:46:37', 0, 0),
(85, 2.2, 9, 'pas de tomate <3\n', '2012-10-22 18:10:27', 0, 0),
(86, 2.5, 23, 'Ketchup\n\n\n', '2012-10-22 18:15:14', 0, 0),
(87, 2.5, 23, '', '2012-10-22 18:16:38', 0, 0),
(88, 2, 1, 'Mayo', '2012-10-23 07:54:36', 1, 1),
(89, 1.8, 17, 'ketchup mayonnaise', '2012-10-23 10:42:47', 1, 1),
(90, 1.6, 15, '', '2012-10-23 10:49:48', 1, 0),
(91, 2.1, 10, '', '2012-10-23 11:04:04', 1, 1),
(92, 2, 10, 'une sodomie pour Anne.', '2012-10-23 11:06:12', 1, 1),
(93, 1.5, 9, 'ketchup, mayonnaise, sans salade et sans tomates merci :-) ', '2012-10-23 11:06:19', 1, 1),
(96, 2.5, 3, 'Ketchup please :)', '2012-10-23 12:11:21', 1, 1),
(97, 1, 3, '', '2012-10-23 12:13:21', 1, 1),
(98, 1.5, 15, 'mayo\r\n', '2012-10-24 10:29:18', 0, 0),
(99, 1.8, 8, 'mayo steuplé :D', '2012-10-24 11:31:59', 0, 0),
(100, 1, 9, 'ketchup mayonnaise merci :-)', '2012-10-24 11:32:12', 0, 0),
(101, 1.5, 10, 'mayo', '2012-10-24 12:39:28', 0, 0),
(102, 1.7, 23, 'Ketchup', '2012-10-26 12:24:09', 1, 1),
(103, 1.6, 15, '', '2012-11-05 10:43:48', 0, 0),
(104, 1, 9, 'ketchup et mayonnaise s\\''il te plais :-) merci\n', '2012-11-06 11:10:35', 0, 0),
(105, 2.2, 8, 'c\\''est possible d\\''avoir de la moutarde s\\''il te plait o/', '2012-11-06 11:24:13', 0, 0),
(106, 1.6, 15, '', '2012-11-06 11:48:09', 0, 0),
(107, 1.5, 10, '', '2012-11-06 12:20:13', 0, 0),
(108, 1.6, 9, 'thanks', '2012-11-07 09:13:07', 0, 0),
(109, 3.8, 4, '', '2012-11-07 10:47:40', 0, 0),
(110, 2, 10, 'mayo ', '2012-11-07 11:22:19', 0, 0),
(111, 2.4, 8, 'mayo s\\''il te plait o/ pleeeein de gruyère et tout ton amour (comment ça on déraille à cause des math)', '2012-11-07 11:23:07', 0, 0),
(112, 1.6, 15, '', '2012-11-07 11:58:17', 0, 0),
(113, 2.6, 18, '', '2012-11-08 10:51:11', 0, 0),
(114, 2, 9, 'sana salade sans tomate :-)\nmerci', '2012-11-08 10:51:13', 0, 0),
(115, 2.3, 8, 'mayo steuplé o/', '2012-11-08 10:55:07', 0, 0),
(116, 2, 10, 'pas de potatoes ', '2012-11-08 10:56:54', 0, 0),
(117, 2, 7, 'chaud le burger =P', '2012-11-08 11:05:35', 0, 0),
(119, 2, 16, NULL, '2012-11-08 11:08:59', 0, 0),
(120, 2.6, 17, 'sauce burger ? ketchup mayo ?', '2012-11-08 11:30:39', 0, 0),
(121, 1.6, 15, '', '2012-11-08 11:37:01', 0, 0),
(122, 1, 9, 'ketchup et mayonnaise s\\''il te plais :-)\nmerci', '2012-11-09 11:53:46', 0, 0),
(123, 2.3, 8, 'mayo stpeulé :D', '2012-11-09 12:40:31', 0, 0),
(124, 2.3, 4, 'mayo\n', '2012-11-12 10:01:44', 0, 0),
(125, 1.6, 15, '', '2012-11-12 10:41:22', 0, 0),
(126, 2.2, 10, '', '2012-11-12 11:16:51', 0, 0),
(127, 1, 9, 'ketchup et mayonnaise :-) merci :-)', '2012-11-12 12:21:38', 0, 0),
(128, 2.3, 8, 'mayo s\\''il te plait :D', '2012-11-12 12:21:59', 0, 0),
(129, 3.8, 3, '', '2012-11-13 10:08:00', 1, 1),
(130, 2.7, 19, '', '2012-11-13 10:30:59', 1, 1),
(131, 2.7, 19, '', '2012-11-13 10:31:10', 1, 1),
(132, 2.2, 16, '', '2012-11-13 10:41:57', 1, 1),
(133, 1.5, 15, '', '2012-11-13 11:16:53', 1, 1),
(134, 1.6, 15, '', '2012-11-14 10:03:02', 1, 0),
(135, 3.8, 3, '', '2012-11-14 11:47:41', 1, 0),
(136, 2.3, 8, 'mayo s\\''il te plait :D', '2012-11-14 11:57:40', 1, 1),
(137, 2.7, 1, '', '2012-11-14 12:01:50', 1, 1),
(138, 2.1, 19, '', '2012-11-14 12:20:16', 1, 1),
(139, 2.1, 1, '', '2012-11-15 09:27:34', 0, 0),
(140, 2.2, 10, '', '2012-11-16 10:26:01', 1, 1),
(141, 2.5, 8, 'moutarde s\\''il te plait o/', '2012-11-16 11:31:59', 1, 1),
(142, 1.5, 15, '', '2012-11-16 11:56:49', 1, 1),
(143, 1.6, 15, '', '2012-11-19 09:20:53', 1, 1),
(144, 3.8, 4, '', '2012-11-19 10:47:36', 1, 1),
(145, 2.1, 23, 'ketchup', '2012-11-19 12:28:38', 1, 1),
(146, 1.8, 23, 'ketchup\n', '2012-11-20 08:12:18', 1, 1),
(147, 1.8, 23, 'ketchup\n', '2012-11-20 08:12:24', 1, 1),
(148, 1.6, 9, 'sans tomates :-) merci', '2012-11-20 11:41:25', 1, 1),
(149, 2.2, 10, '', '2012-11-20 11:41:41', 1, 1),
(150, 2.2, 8, 'c\\''est pour Anne celle la ', '2012-11-20 11:41:48', 1, 1),
(151, 2.3, 8, 'avec mayo steuplé (c\\''est ma vraie commande cette fois)', '2012-11-20 11:43:43', 1, 1),
(152, 1.6, 15, 'sans fromage avec oignon et tomate a la place stp. je viendrai vers 45...', '2012-11-20 12:02:56', 1, 1),
(153, 1.6, 15, '', '2012-11-21 10:12:24', 1, 1),
(154, 1.3, 9, 'ketchup et mayonnaise s\\''il te plais :-) merci', '2012-11-21 11:06:51', 1, 1),
(155, 2.7, 8, 'merci d\\''avance :D', '2012-11-21 11:57:41', 1, 1),
(156, 2.1, 10, 'SAVOYARD!!!! pour Tristan', '2012-11-21 12:01:22', 1, 1),
(157, 2.1, 10, '\\\\o/', '2012-11-22 09:41:55', 1, 1),
(158, 1.6, 15, '', '2012-11-22 10:08:09', 1, 1),
(159, 2.3, 8, 'merci d\\''avance ! et mayo :D', '2012-11-22 12:19:05', 1, 1),
(160, 1.3, 9, 'ketchup et mayonnaise s\\''il te plais merci :-)', '2012-11-22 12:43:33', 1, 1),
(161, 1.8, 3, '', '2012-11-22 12:45:29', 1, 1),
(162, 2.6, 10, 'une entière avec steeve !', '2012-11-23 09:36:12', 1, 1),
(163, 3.8, 4, '', '2012-11-23 09:36:59', 1, 1),
(164, 1.8, 10, '1.800000001 ?? pour Anne !!', '2012-11-23 09:37:20', 1, 1),
(165, 2, 9, 'l\\''autre moitié de Tristan ;-)', '2012-11-23 11:15:41', 1, 1),
(166, 1.5, 15, '', '2012-11-23 12:19:42', 1, 1),
(167, 2.1, 10, '', '2012-11-26 10:46:49', 1, 1),
(168, 2.7, 8, 'j\\''ai des sous pour renflouer mon compte :D', '2012-11-26 11:17:07', 1, 1),
(169, 2.7, 8, 'j\\''ai des sous pour renflouer mon compte :D (je sais pas si ma commande est passée, désolé x))', '2012-11-26 11:18:20', 1, 1),
(170, 2.1, 18, 'mayo', '2012-11-26 11:37:08', 1, 1),
(171, 2, 9, 'sans pomme de terre merci :-)', '2012-11-26 11:52:34', 1, 1),
(172, 1.6, 15, 'sans fromage. (j\\''ai encore rate la demie poulet :s)', '2012-11-26 11:57:10', 1, 1),
(173, 2.3, 8, 'mayo steuplé :D', '2012-11-27 11:13:52', 1, 1),
(174, 1.5, 9, 'sans salade s\\''il te plais :-) merci', '2012-11-27 11:14:31', 1, 1),
(175, 1.8, 23, 'ketchup', '2012-11-27 12:06:53', 1, 1),
(176, 1.6, 15, '', '2012-11-28 09:38:31', 1, 1),
(177, 2.1, 10, '', '2012-11-28 10:14:08', 1, 1),
(178, 1.6, 9, 'merci :-)', '2012-11-28 11:13:30', 1, 1),
(179, 2.2, 23, '', '2012-11-29 10:52:13', 0, 0),
(180, 1.6, 15, '', '2012-11-29 11:23:40', 0, 0),
(181, 3.1, 10, '', '2012-11-29 11:55:56', 0, 0),
(182, 2.6, 10, 'une entière avec chtiive \n', '2012-11-30 10:34:31', 1, 1),
(183, 1.6, 15, '', '2012-11-30 12:45:33', 1, 1),
(184, 1.5, 10, '', '2012-12-03 09:51:43', 1, 1),
(185, 1.6, 15, '', '2012-12-03 10:02:52', 1, 1),
(186, 2.2, 18, '', '2012-12-03 10:51:34', 1, 1),
(187, 2.2, 18, '', '2012-12-03 10:52:04', 1, 1),
(188, 3.8, 23, '', '2012-12-03 12:10:25', 1, 1),
(189, 2, 9, 'une entière pour moi et anne', '2012-12-03 12:35:20', 1, 1),
(190, 4.3, 12, 'sauce pizza si possible', '2012-12-03 12:35:53', 0, 0),
(191, 1.6, 15, 'sans fromage stp (qui a pris ma pizza poulet???? argggg!!!!!)', '2012-12-04 11:51:12', 0, 0),
(192, 1.6, 15, 'sans fromage stp (qui a pris ma pizza poulet???? argggg!!!!!)', '2012-12-04 11:51:29', 0, 0),
(193, 1.9, 8, 'ketchup s\\''il te plait :D ( si par magie il reste une demi pizza poulet, JE PRENDS ! )', '2012-12-04 11:55:21', 0, 0),
(194, 1.5, 9, 'sans salade s\\''il te plais :-) merci', '2012-12-04 12:07:19', 0, 0),
(195, 2.1, 23, 'ketchup', '2012-12-05 07:36:19', 1, 1),
(196, 1.6, 10, '', '2012-12-05 10:31:59', 1, 1),
(197, 2.1, 23, 'ketchup', '2012-12-06 10:08:20', 0, 0),
(198, 1.6, 15, '', '2012-12-10 10:41:37', 0, 0),
(199, 1.5, 9, 'sans salade s\\''il te plais :$\n', '2012-12-10 11:38:36', 1, 1),
(200, 2.8, 8, 'merci :D', '2012-12-10 12:08:02', 1, 1),
(201, 2.8, 8, 'merci :D', '2012-12-10 12:08:12', 1, 1),
(202, 3.8, 23, '', '2012-12-11 11:01:56', 1, 0),
(203, 2, 9, 'sans pomme de terre merci :-)', '2012-12-11 11:15:12', 0, 0),
(204, 1.6, 15, '', '2012-12-12 09:30:38', 1, 1),
(205, 3.8, 4, '', '2012-12-12 09:46:23', 1, 1),
(206, 2.2, 10, '', '2012-12-12 10:25:43', 1, 1),
(207, 2, 9, 'sans pomme de terre s\\''il te plais :-) merci', '2012-12-12 10:53:58', 1, 1),
(208, 2.8, 8, 'le pile ou face a tranché ! me voilà ! bisous bisous', '2012-12-12 11:49:59', 1, 1),
(209, 2.1, 23, 'ketchup', '2012-12-12 12:28:04', 1, 1),
(210, 2.8, 8, 'j\\''espère qu\\''il y a encore de la pizza :D', '2012-12-13 10:26:51', 1, 1),
(211, 1.6, 15, '', '2012-12-14 10:51:08', 1, 1),
(212, 2.2, 10, '', '2012-12-14 10:59:28', 1, 1),
(213, 2.2, 18, '', '2012-12-14 11:12:42', 1, 1),
(214, 1.5, 9, 'sans salade s\\''il te plais :-) merci', '2012-12-14 12:32:20', 1, 1),
(215, 3.8, 8, 'c\\''est possible que ce soit une demi ? sinon je prends en complète :D bisous ', '2012-12-14 12:36:19', 1, 1),
(216, 1.2, 8, 'avec mayo s\\''il te plait :D (sauf s\\''il y a une demi Regina que je prends alors avec plaisir o/)', '2012-12-17 09:44:34', 1, 1),
(217, 2.6, 10, 'une entière avec Anne ! + un pobey', '2012-12-17 10:30:24', 1, 1),
(218, 1.6, 15, '', '2012-12-17 11:41:38', 1, 1),
(219, 1.5, 9, 'sans salade merci :-)', '2012-12-17 11:44:31', 1, 1),
(220, 2.2, 8, 'ah enfin ma demi pizza habituelle :D', '2012-12-18 10:50:02', 1, 1),
(221, 1.6, 9, 'sans rondelles de tomates s\\''il te plais :-) merci', '2012-12-18 10:51:19', 1, 1),
(222, 2.2, 10, '', '2012-12-18 10:57:27', 1, 1),
(223, 2.1, 23, 'ketchup', '2012-12-18 11:32:25', 1, 1),
(224, 2.4, 23, 'mayonaise', '2012-12-18 11:33:44', 1, 1),
(225, 2.6, 1, 'Mayo', '2012-12-18 11:48:48', 1, 1),
(226, 1.5, 15, '', '2012-12-18 12:01:13', 1, 1),
(227, 2, 9, 'sans pomme de terre', '2012-12-19 09:44:13', 0, 0),
(228, 3.8, 4, '', '2012-12-19 10:26:09', 1, 1),
(229, 1.6, 15, 'sans fromage et avec rondelles de tomate stp', '2012-12-19 11:20:01', 1, 1),
(230, 3.8, 23, '', '2012-12-19 11:36:47', 0, 0),
(231, 1.5, 10, '', '2012-12-19 11:37:08', 0, 0),
(232, 1.6, 15, 'sans fromage avec rondelle de tomate stp (il y a plus de poulet :s)', '2012-12-20 11:01:35', 1, 1),
(233, 2.2, 8, '', '2012-12-20 12:32:33', 1, 1),
(234, 2.7, 8, 'bonne année Seb :D', '2013-01-07 10:43:17', 0, 0),
(235, 1.6, 15, '', '2013-01-07 10:46:45', 0, 0),
(236, 2.7, 8, 'merci :D', '2013-01-08 10:35:23', 0, 0),
(237, 2, 9, 'sans pomme de terre s\\''il te plait :-) merci :-)', '2013-01-08 10:36:50', 0, 0),
(238, 3.8, 4, '', '2013-01-09 10:32:44', 0, 0),
(239, 1.6, 15, '', '2013-01-09 10:35:12', 0, 0),
(240, 2.7, 8, '', '2013-01-09 11:53:40', 0, 0),
(241, 3.2, 15, '', '2013-01-10 08:57:54', 0, 0),
(242, 2.1, 1, 'mayo ', '2013-01-11 12:13:35', 0, 0),
(243, 1.6, 15, '', '2013-01-14 11:31:59', 0, 0),
(244, 2.7, 8, '', '2013-01-14 12:34:07', 0, 0),
(245, 3.8, 8, 'on partage la pizza avec Steve :D', '2013-01-15 10:40:36', 0, 0),
(246, 3.8, 8, 'Steve partage la pizza avec moi :D', '2013-01-17 11:46:57', 0, 0),
(247, 1.5, 10, '', '2013-01-17 11:59:54', 0, 0),
(248, 1.5, 10, '2 même commande pour magalan ', '2013-01-17 12:00:23', 0, 0),
(249, 2.2, 8, '', '2013-01-21 11:00:17', 0, 0),
(250, 1.6, 15, '', '2013-01-22 10:53:28', 0, 0),
(251, 2.2, 8, 'beaucoup de gruyère s\\''il te plait :D', '2013-01-22 11:21:06', 0, 0),
(252, 1.6, 15, '', '2013-01-24 11:52:04', 0, 0),
(253, 2.2, 4, '', '2013-01-25 11:27:39', 0, 0),
(254, 2.1, 1, 'sauce mayo stp ', '2013-02-18 10:11:15', 0, 0),
(255, 2.2, 8, 'c\\''est possible de le preparer pour après la proj ? :D Et de commander pour Tristan : l\\''autre demi de la pizza :D Merci !', '2013-02-19 11:15:10', 0, 0),
(256, 1.6, 9, 'sans rondelle de tomate s\\''il te plais :-) merci', '2013-02-19 11:20:38', 0, 0),
(257, 1.6, 9, 'sans rondelle de tomate s\\''il te plais :-) merci', '2013-02-19 11:20:39', 0, 0),
(258, 2.1, 1, 'mayo stp ', '2013-02-19 12:23:48', 0, 0),
(259, 2.1, 1, 'mayo stp', '2013-02-25 09:48:55', 0, 0),
(260, 3.8, 4, '', '2013-03-13 10:48:18', 0, 0);

-- --------------------------------------------------------

--
-- Structure de la table `lien_comm_prod`
--

CREATE TABLE IF NOT EXISTS `lien_comm_prod` (
  `id` int(11) NOT NULL auto_increment,
  `id_com` int(11) NOT NULL,
  `id_prod` int(11) NOT NULL,
  PRIMARY KEY  (`id`)
) ENGINE=MyISAM  DEFAULT CHARSET=latin1 COLLATE=latin1_general_ci AUTO_INCREMENT=474 ;

--
-- Contenu de la table `lien_comm_prod`
--

INSERT INTO `lien_comm_prod` (`id`, `id_com`, `id_prod`) VALUES
(1, 1, 2),
(2, 1, 8),
(3, 2, 4),
(4, 2, 8),
(5, 2, 15),
(6, 4, 6),
(7, 4, 11),
(8, 4, 16),
(9, 5, 1),
(10, 6, 2),
(11, 6, 7),
(12, 7, 2),
(13, 7, 7),
(14, 8, 5),
(15, 8, 13),
(16, 9, 3),
(17, 9, 10),
(18, 10, 3),
(19, 11, 4),
(20, 11, 9),
(21, 12, 3),
(22, 12, 10),
(23, 13, 3),
(24, 14, 5),
(25, 14, 7),
(26, 15, 5),
(27, 15, 7),
(28, 16, 3),
(29, 16, 10),
(30, 17, 3),
(31, 17, 9),
(32, 17, 17),
(33, 18, 6),
(34, 18, 7),
(35, 18, 15),
(39, 20, 13),
(38, 20, 5),
(40, 21, 2),
(41, 21, 8),
(42, 22, 1),
(43, 22, 10),
(44, 23, 1),
(45, 23, 9),
(46, 24, 3),
(47, 24, 7),
(48, 25, 1),
(49, 25, 12),
(50, 25, 14),
(51, 26, 1),
(52, 27, 3),
(53, 28, 4),
(54, 28, 7),
(55, 29, 2),
(56, 29, 7),
(57, 30, 3),
(58, 31, 1),
(59, 31, 10),
(60, 31, 16),
(61, 32, 6),
(62, 32, 9),
(63, 33, 5),
(64, 33, 10),
(65, 34, 6),
(66, 35, 4),
(67, 35, 7),
(68, 36, 1),
(69, 36, 10),
(70, 37, 1),
(71, 38, 20),
(72, 38, 13),
(73, 39, 6),
(74, 39, 7),
(75, 40, 19),
(76, 40, 9),
(77, 41, 20),
(78, 41, 9),
(79, 42, 1),
(80, 42, 13),
(81, 43, 4),
(82, 43, 10),
(83, 44, 1),
(84, 45, 22),
(85, 46, 23),
(86, 46, 8),
(87, 47, 1),
(88, 47, 13),
(89, 48, 23),
(90, 49, 4),
(91, 49, 12),
(92, 50, 2),
(93, 51, 2),
(94, 51, 7),
(95, 52, 2),
(96, 52, 7),
(97, 53, 5),
(98, 53, 12),
(99, 54, 1),
(100, 54, 9),
(101, 54, 15),
(102, 55, 2),
(103, 55, 13),
(104, 56, 4),
(105, 57, 2),
(106, 57, 9),
(107, 58, 20),
(108, 58, 9),
(109, 59, 3),
(110, 59, 11),
(111, 60, 6),
(112, 60, 7),
(113, 61, 1),
(114, 61, 9),
(115, 62, 1),
(116, 62, 10),
(117, 63, 1),
(118, 64, 1),
(119, 64, 9),
(120, 64, 15),
(121, 65, 1),
(122, 65, 13),
(123, 66, 3),
(124, 67, 2),
(125, 68, 20),
(126, 68, 9),
(127, 69, 1),
(128, 69, 9),
(129, 69, 15),
(130, 70, 4),
(131, 70, 7),
(132, 71, 4),
(133, 72, 2),
(134, 72, 11),
(135, 73, 4),
(136, 73, 11),
(137, 74, 19),
(138, 74, 12),
(139, 74, 14),
(140, 75, 4),
(141, 75, 9),
(142, 76, 6),
(143, 76, 8),
(144, 77, 4),
(145, 77, 12),
(146, 78, 1),
(147, 78, 11),
(148, 79, 20),
(149, 79, 12),
(150, 80, 3),
(151, 80, 9),
(152, 81, 1),
(153, 81, 9),
(154, 81, 15),
(155, 82, 2),
(156, 83, 3),
(157, 83, 12),
(158, 83, 15),
(159, 84, 19),
(160, 84, 10),
(161, 85, 4),
(162, 85, 9),
(163, 86, 6),
(164, 86, 8),
(165, 87, 6),
(166, 87, 8),
(167, 88, 2),
(168, 88, 8),
(169, 89, 1),
(170, 89, 9),
(171, 90, 4),
(172, 91, 4),
(173, 91, 13),
(174, 92, 5),
(175, 92, 12),
(176, 93, 2),
(180, 96, 6),
(181, 96, 10),
(182, 97, 24),
(183, 98, 2),
(184, 99, 1),
(185, 99, 9),
(186, 100, 24),
(187, 101, 24),
(188, 101, 13),
(189, 102, 1),
(190, 102, 8),
(191, 103, 4),
(192, 104, 24),
(193, 105, 24),
(194, 105, 9),
(195, 105, 15),
(196, 106, 4),
(197, 107, 24),
(198, 107, 11),
(199, 108, 3),
(200, 109, 20),
(201, 109, 9),
(202, 110, 2),
(203, 110, 13),
(204, 111, 1),
(205, 111, 9),
(206, 111, 15),
(207, 112, 4),
(208, 113, 26),
(209, 113, 9),
(210, 114, 26),
(211, 115, 1),
(212, 115, 9),
(213, 115, 17),
(214, 116, 25),
(215, 116, 21),
(216, 117, 25),
(217, 117, 12),
(221, 119, 7),
(220, 119, 25),
(222, 120, 26),
(223, 120, 9),
(224, 121, 4),
(225, 122, 24),
(226, 123, 1),
(227, 123, 9),
(228, 123, 17),
(229, 124, 1),
(230, 124, 9),
(231, 124, 16),
(232, 125, 4),
(233, 126, 4),
(234, 126, 13),
(235, 127, 24),
(236, 128, 1),
(237, 128, 9),
(238, 128, 17),
(239, 129, 19),
(240, 129, 10),
(241, 130, 4),
(242, 130, 12),
(243, 130, 14),
(244, 131, 4),
(245, 131, 12),
(246, 131, 14),
(247, 132, 4),
(248, 132, 12),
(249, 133, 5),
(250, 134, 4),
(251, 135, 20),
(252, 135, 10),
(253, 136, 1),
(254, 136, 9),
(255, 136, 17),
(256, 137, 4),
(257, 137, 8),
(258, 137, 18),
(259, 138, 24),
(260, 138, 12),
(261, 138, 14),
(262, 139, 2),
(263, 139, 8),
(264, 140, 4),
(265, 140, 13),
(266, 141, 27),
(267, 141, 9),
(268, 141, 15),
(269, 142, 5),
(270, 143, 4),
(271, 144, 20),
(272, 144, 9),
(273, 145, 6),
(274, 145, 13),
(275, 146, 1),
(276, 146, 8),
(277, 147, 1),
(278, 147, 8),
(279, 148, 4),
(280, 149, 4),
(281, 149, 13),
(282, 150, 4),
(283, 150, 12),
(284, 151, 1),
(285, 151, 7),
(286, 151, 17),
(287, 152, 3),
(288, 153, 4),
(289, 154, 27),
(290, 155, 4),
(291, 155, 9),
(292, 155, 17),
(293, 156, 2),
(294, 156, 13),
(295, 157, 28),
(296, 157, 13),
(297, 158, 4),
(298, 159, 1),
(299, 159, 9),
(300, 159, 18),
(301, 160, 27),
(302, 161, 1),
(303, 161, 10),
(304, 162, 29),
(305, 162, 13),
(306, 163, 20),
(307, 163, 9),
(308, 164, 1),
(309, 164, 12),
(310, 165, 29),
(311, 166, 5),
(312, 167, 28),
(313, 167, 13),
(314, 168, 4),
(315, 168, 9),
(316, 168, 17),
(317, 169, 4),
(318, 169, 9),
(319, 169, 17),
(320, 170, 2),
(321, 170, 9),
(322, 171, 29),
(323, 172, 3),
(324, 173, 1),
(325, 173, 9),
(326, 173, 17),
(327, 174, 28),
(328, 175, 1),
(329, 175, 13),
(330, 176, 4),
(331, 177, 28),
(332, 177, 13),
(333, 178, 3),
(334, 179, 4),
(335, 179, 8),
(336, 180, 4),
(337, 181, 29),
(338, 181, 12),
(339, 181, 14),
(340, 182, 29),
(341, 182, 13),
(342, 183, 4),
(343, 184, 28),
(344, 185, 4),
(345, 186, 4),
(346, 186, 9),
(347, 187, 4),
(348, 187, 9),
(349, 188, 19),
(350, 188, 8),
(351, 189, 29),
(352, 190, 20),
(353, 190, 12),
(354, 190, 18),
(355, 191, 3),
(356, 192, 3),
(357, 193, 27),
(358, 193, 9),
(359, 194, 28),
(360, 195, 6),
(361, 195, 8),
(362, 196, 4),
(363, 197, 6),
(364, 197, 8),
(365, 198, 4),
(366, 199, 28),
(367, 200, 3),
(368, 200, 9),
(369, 200, 15),
(370, 201, 3),
(371, 201, 9),
(372, 201, 15),
(373, 202, 19),
(374, 202, 8),
(375, 203, 29),
(376, 204, 4),
(377, 205, 20),
(378, 205, 9),
(379, 206, 4),
(380, 206, 13),
(381, 207, 29),
(382, 208, 3),
(383, 208, 9),
(384, 208, 15),
(385, 209, 6),
(386, 209, 8),
(387, 210, 3),
(388, 210, 9),
(389, 210, 15),
(390, 211, 4),
(391, 212, 3),
(392, 212, 13),
(393, 213, 4),
(394, 213, 9),
(395, 214, 28),
(396, 215, 20),
(397, 215, 9),
(398, 216, 1),
(399, 217, 29),
(400, 217, 13),
(401, 218, 4),
(402, 219, 28),
(403, 220, 3),
(404, 220, 9),
(405, 221, 4),
(406, 222, 3),
(407, 222, 13),
(408, 223, 6),
(409, 223, 13),
(410, 224, 27),
(411, 224, 12),
(412, 224, 14),
(413, 225, 6),
(414, 225, 8),
(415, 225, 30),
(416, 226, 5),
(417, 227, 29),
(418, 228, 20),
(419, 228, 9),
(420, 229, 3),
(421, 230, 20),
(422, 230, 13),
(423, 231, 28),
(424, 232, 3),
(425, 233, 3),
(426, 233, 9),
(427, 234, 3),
(428, 234, 9),
(429, 234, 18),
(430, 235, 4),
(431, 236, 3),
(432, 236, 9),
(433, 236, 18),
(434, 237, 29),
(435, 238, 20),
(436, 238, 9),
(437, 239, 4),
(438, 240, 3),
(439, 240, 9),
(440, 240, 18),
(441, 241, 19),
(442, 242, 2),
(443, 242, 8),
(444, 243, 4),
(445, 244, 3),
(446, 244, 9),
(447, 244, 17),
(448, 245, 20),
(449, 245, 9),
(450, 246, 20),
(451, 246, 9),
(452, 247, 2),
(453, 248, 2),
(454, 249, 3),
(455, 249, 9),
(456, 250, 4),
(457, 251, 3),
(458, 251, 9),
(459, 252, 4),
(460, 253, 3),
(461, 253, 9),
(462, 254, 2),
(463, 254, 8),
(464, 255, 3),
(465, 255, 9),
(466, 256, 4),
(467, 257, 4),
(468, 258, 2),
(469, 258, 8),
(470, 259, 2),
(471, 259, 8),
(472, 260, 20),
(473, 260, 9);

-- --------------------------------------------------------

--
-- Structure de la table `produit`
--

CREATE TABLE IF NOT EXISTS `produit` (
  `id_produit` int(11) NOT NULL auto_increment,
  `cat` enum('nourriture','boisson','snack') collate latin1_general_ci NOT NULL,
  `nom` varchar(20) collate latin1_general_ci NOT NULL,
  `description` text collate latin1_general_ci,
  `prix` float NOT NULL,
  `qtte` int(11) NOT NULL default '0',
  PRIMARY KEY  (`id_produit`)
) ENGINE=MyISAM  DEFAULT CHARSET=latin1 COLLATE=latin1_general_ci AUTO_INCREMENT=31 ;

--
-- Contenu de la table `produit`
--

INSERT INTO `produit` (`id_produit`, `cat`, `nom`, `description`, `prix`, `qtte`) VALUES
(1, 'nourriture', 'Sandwich jambon', 'jambon ou jambon de poulet,tomates, salade, fromage. Sauce à choisir dans options (mayo, ketchup, moutarde)', 1.2, 10),
(2, 'nourriture', 'Sandwich poulet', 'poulet,tomates, salade, fromage. Sauce à choisir dans options (mayo, ketchup, moutarde)', 1.5, 7),
(3, 'nourriture', 'Pizza Regina (Demi)', 'Sauce tomate, jambon, fromage', 1.6, 0),
(4, 'nourriture', 'Pizza Poulet (Demi)', 'poulet, curry, tomates, crème faîche ', 1.6, -1),
(5, 'nourriture', 'Knacks / Frites', '2 knacks + des frites, sauce à préciser', 1.5, 9),
(6, 'nourriture', 'Hot Dog / Frites', '1 knack dans du pain + des frites, sauce à préciser', 1.5, 5),
(7, 'boisson', 'Coca Cola', NULL, 0.6, 12),
(8, 'boisson', 'Coca Cola Zéro', NULL, 0.6, 7),
(9, 'boisson', 'Coca Cola Cherry', NULL, 0.6, 0),
(10, 'boisson', 'Fanta Orange', NULL, 0.6, 12),
(11, 'boisson', 'Fanta Citron', NULL, 0.6, 6),
(12, 'boisson', 'Ice Tea', NULL, 0.6, 12),
(13, 'boisson', 'Oasis Tropical', NULL, 0.6, 24),
(14, 'snack', 'Kit Kat', NULL, 0.5, 8),
(15, 'snack', 'Kinder Bueno', NULL, 0.6, 5),
(16, 'snack', 'Twix', NULL, 0.5, 10),
(17, 'snack', 'Mars', NULL, 0.5, 2),
(18, 'snack', 'Snickers', NULL, 0.5, 4),
(0, 'nourriture', '-', NULL, 0, 0),
(19, 'nourriture', 'Pizza Poulet', 'Poulet, crème fraîche, tomate, fromage, curry', 3.2, 1),
(20, 'nourriture', 'Pizza Regina', 'Sauce tomate, jambon, fromage', 3.2, 0),
(21, 'boisson', 'Oasis Orange', NULL, 0.5, 13),
(23, 'nourriture', 'Pizza Saumon (Demi)', NULL, 1.8, 0),
(22, 'nourriture', 'Frites', 'Assiette de frites', 1, 2),
(24, 'nourriture', 'Hot Dog ', '1 knacks + pain', 1, 10),
(28, 'nourriture', 'Sandwich savoyard', 'Jambon fumé, fromage raclette, salade, crème fraîche', 1.5, 4),
(25, 'nourriture', 'Burger', NULL, 1.5, 0),
(26, 'nourriture', 'Burger / Potatoes', NULL, 2, 0),
(27, 'nourriture', 'Hot-Dog Double', '2 Knacks dans du pain, sauce à préciser', 1.3, 8),
(29, 'nourriture', '1/2 Pizza Savoyard', 'Jambon fumé, fromage raclette, pomme de terre, crème fraîche', 2, 0),
(30, 'snack', 'Bounty', NULL, 0.5, 8);

/*!40101 SET CHARACTER_SET_CLIENT=@OLD_CHARACTER_SET_CLIENT */;
/*!40101 SET CHARACTER_SET_RESULTS=@OLD_CHARACTER_SET_RESULTS */;
/*!40101 SET COLLATION_CONNECTION=@OLD_COLLATION_CONNECTION */;
